customer_id,customer_name,email,city
C001,  Aisha Khan ,AISHA.KHAN@EXAMPLE.COM ,Mumbai
C002,Rahul Mehta,rahul.mehta@example.com,Bengaluru
C003,Neha Sharma,neha.sharma@example.com,Delhi
C003,Neha Sharma,neha.sharma@example.com,Delhi
C004,Arjun Rao,arjun.rao@example.com,Chennai
C1000,Customer 1000,customer1000@example.com,Bengaluru
C1001,Customer 1001,customer1001@example.com,Mumbai
C1002,Customer 1002,customer1002@example.com,Hyderabad
C1003,Customer 1003,customer1003@example.com,Chennai
C1004,Customer 1004,customer1004@example.com,Chennai
C1005,Customer 1005,customer1005@example.com,Delhi
C1006,Customer 1006,customer1006@example.com,Bengaluru
C1007,Customer 1007,customer1007@example.com,Bengaluru
C1008,Customer 1008,customer1008@example.com,Kolkata
C1009,Customer 1009,customer1009@example.com,Mumbai
C1010,Customer 1010,customer1010@example.com,Mumbai
C1011,Customer 1011,customer1011@example.com,Bengaluru
C1012,Customer 1012,customer1012@example.com,Chennai
C1013,Customer 1013,customer1013@example.com,Chennai
C1014,Customer 1014,customer1014@example.com,Mumbai
C1015,Customer 1015,customer1015@example.com,Chennai
C1016,Customer 1016,customer1016@example.com,Kolkata
C1017,Customer 1017,customer1017@example.com,Chennai
C1018,Customer 1018,customer1018@example.com,Ahmedabad
C1019,Customer 1019,customer1019@example.com,Hyderabad
C1020,Customer 1020,customer1020@example.com,Mumbai
C1021,Customer 1021,customer1021@example.com,Delhi
C1022,Customer 1022,customer1022@example.com,Kolkata
C1023,Customer 1023,customer1023@example.com,Pune
C1024,Customer 1024,customer1024@example.com,Hyderabad
C1025,Customer 1025,customer1025@example.com,Delhi
C1026,Customer 1026,customer1026@example.com,Chennai
C1027,Customer 1027,customer1027@example.com,Pune
C1028,Customer 1028,customer1028@example.com,Bengaluru
C1029,Customer 1029,customer1029@example.com,Bengaluru
C1030,Customer 1030,customer1030@example.com,Kolkata
C1031,Customer 1031,customer1031@example.com,Bengaluru
C1032,Customer 1032,customer1032@example.com,Pune
C1033,Customer 1033,customer1033@example.com,Pune
C1034,Customer 1034,customer1034@example.com,Hyderabad
C1035,Customer 1035,customer1035@example.com,Mumbai
C1036,Customer 1036,customer1036@example.com,Ahmedabad
C1037,Customer 1037,customer1037@example.com,Bengaluru
C1038,Customer 1038,customer1038@example.com,Kolkata
C1039,Customer 1039,customer1039@example.com,Bengaluru
C1040,Customer 1040,customer1040@example.com,Hyderabad
C1041,Customer 1041,customer1041@example.com,Pune
C1042,Customer 1042,customer1042@example.com,Chennai
C1043,Customer 1043,customer1043@example.com,Bengaluru
C1044,Customer 1044,customer1044@example.com,Mumbai
C1045,Customer 1045,customer1045@example.com,Chennai
C1046,Customer 1046,customer1046@example.com,Hyderabad
C1047,Customer 1047,customer1047@example.com,Bengaluru
C1048,Customer 1048,customer1048@example.com,Chennai
C1049,Customer 1049,customer1049@example.com,Bengaluru
C1050,Customer 1050,customer1050@example.com,Kolkata
C1051,Customer 1051,customer1051@example.com,Hyderabad
C1052,Customer 1052,customer1052@example.com,Ahmedabad
C1053,Customer 1053,customer1053@example.com,Pune
C1054,Customer 1054,customer1054@example.com,Delhi
C1055,Customer 1055,customer1055@example.com,Pune
C1056,Customer 1056,customer1056@example.com,Pune
C1057,Customer 1057,customer1057@example.com,Chennai
C1058,Customer 1058,customer1058@example.com,Hyderabad
C1059,Customer 1059,customer1059@example.com,Bengaluru
C1060,Customer 1060,customer1060@example.com,Delhi
C1061,Customer 1061,customer1061@example.com,Chennai
C1062,Customer 1062,customer1062@example.com,Delhi
C1063,Customer 1063,customer1063@example.com,Ahmedabad
C1064,Customer 1064,customer1064@example.com,Kolkata
C1065,Customer 1065,customer1065@example.com,Hyderabad
C1066,Customer 1066,customer1066@example.com,Chennai
C1067,Customer 1067,customer1067@example.com,Pune
C1068,Customer 1068,customer1068@example.com,Mumbai
C1069,Customer 1069,customer1069@example.com,Chennai
C1070,Customer 1070,customer1070@example.com,Mumbai
C1071,Customer 1071,customer1071@example.com,Pune
C1072,Customer 1072,customer1072@example.com,Kolkata
C1073,Customer 1073,customer1073@example.com,Hyderabad
C1074,Customer 1074,customer1074@example.com,Bengaluru
C1075,Customer 1075,customer1075@example.com,Chennai
C1076,Customer 1076,customer1076@example.com,Pune
C1077,Customer 1077,customer1077@example.com,Chennai
C1078,Customer 1078,customer1078@example.com,Ahmedabad
C1079,Customer 1079,customer1079@example.com,Kolkata
C1080,Customer 1080,customer1080@example.com,Ahmedabad
C1081,Customer 1081,customer1081@example.com,Delhi
C1082,Customer 1082,customer1082@example.com,Hyderabad
C1083,Customer 1083,customer1083@example.com,Delhi
C1084,Customer 1084,customer1084@example.com,Chennai
C1085,Customer 1085,customer1085@example.com,Hyderabad
C1086,Customer 1086,customer1086@example.com,Kolkata
C1087,Customer 1087,customer1087@example.com,Kolkata
C1088,Customer 1088,customer1088@example.com,Pune
C1089,Customer 1089,customer1089@example.com,Chennai
C1090,Customer 1090,customer1090@example.com,Delhi
C1091,Customer 1091,customer1091@example.com,Ahmedabad
C1092,Customer 1092,customer1092@example.com,Bengaluru
C1093,Customer 1093,customer1093@example.com,Mumbai
C1094,Customer 1094,customer1094@example.com,Bengaluru
C1095,Customer 1095,customer1095@example.com,Delhi
C1096,Customer 1096,customer1096@example.com,Delhi
C1097,Customer 1097,customer1097@example.com,Kolkata
C1098,Customer 1098,customer1098@example.com,Bengaluru
C1099,Customer 1099,customer1099@example.com,Kolkata
C1100,Customer 1100,customer1100@example.com,Kolkata
C1101,Customer 1101,customer1101@example.com,Ahmedabad
C1102,Customer 1102,customer1102@example.com,Hyderabad
C1103,Customer 1103,customer1103@example.com,Mumbai
C1104,Customer 1104,customer1104@example.com,Bengaluru
C1105,Customer 1105,customer1105@example.com,Hyderabad
C1106,Customer 1106,customer1106@example.com,Pune
C1107,Customer 1107,customer1107@example.com,Bengaluru
C1108,Customer 1108,customer1108@example.com,Hyderabad
C1109,Customer 1109,customer1109@example.com,Kolkata
C1110,Customer 1110,customer1110@example.com,Delhi
C1111,Customer 1111,customer1111@example.com,Ahmedabad
C1112,Customer 1112,customer1112@example.com,Mumbai
C1113,Customer 1113,customer1113@example.com,Hyderabad
C1114,Customer 1114,customer1114@example.com,Delhi
C1115,Customer 1115,customer1115@example.com,Bengaluru
C1116,Customer 1116,customer1116@example.com,Hyderabad
C1117,Customer 1117,customer1117@example.com,Chennai
C1118,Customer 1118,customer1118@example.com,Delhi
C1119,Customer 1119,customer1119@example.com,Pune
C1120,Customer 1120,customer1120@example.com,Delhi
C1121,Customer 1121,customer1121@example.com,Mumbai
C1122,Customer 1122,customer1122@example.com,Pune
C1123,Customer 1123,customer1123@example.com,Ahmedabad
C1124,Customer 1124,customer1124@example.com,Mumbai
C1125,Customer 1125,customer1125@example.com,Bengaluru
C1126,Customer 1126,customer1126@example.com,Pune
C1127,Customer 1127,customer1127@example.com,Hyderabad
C1128,Customer 1128,customer1128@example.com,Chennai
C1129,Customer 1129,customer1129@example.com,Mumbai
C1130,Customer 1130,customer1130@example.com,Chennai
C1131,Customer 1131,customer1131@example.com,Bengaluru
C1132,Customer 1132,customer1132@example.com,Bengaluru
C1133,Customer 1133,customer1133@example.com,Ahmedabad
C1134,Customer 1134,customer1134@example.com,Bengaluru
C1135,Customer 1135,customer1135@example.com,Delhi
C1136,Customer 1136,customer1136@example.com,Delhi
C1137,Customer 1137,customer1137@example.com,Ahmedabad
C1138,Customer 1138,customer1138@example.com,Delhi
C1139,Customer 1139,customer1139@example.com,Hyderabad
C1140,Customer 1140,customer1140@example.com,Kolkata
C1141,Customer 1141,customer1141@example.com,Chennai
C1142,Customer 1142,customer1142@example.com,Chennai
C1143,Customer 1143,customer1143@example.com,Hyderabad
C1144,Customer 1144,customer1144@example.com,Kolkata
C1145,Customer 1145,customer1145@example.com,Pune
C1146,Customer 1146,customer1146@example.com,Ahmedabad
C1147,Customer 1147,customer1147@example.com,Ahmedabad
C1148,Customer 1148,customer1148@example.com,Bengaluru
C1149,Customer 1149,customer1149@example.com,Chennai
C1150,Customer 1150,customer1150@example.com,Chennai
C1151,Customer 1151,customer1151@example.com,Bengaluru
C1152,Customer 1152,customer1152@example.com,Pune
C1153,Customer 1153,customer1153@example.com,Mumbai
C1154,Customer 1154,customer1154@example.com,Chennai
C1155,Customer 1155,customer1155@example.com,Chennai
C1156,Customer 1156,customer1156@example.com,Mumbai
C1157,Customer 1157,customer1157@example.com,Bengaluru
C1158,Customer 1158,customer1158@example.com,Mumbai
C1159,Customer 1159,customer1159@example.com,Chennai
C1160,Customer 1160,customer1160@example.com,Bengaluru
C1161,Customer 1161,customer1161@example.com,Mumbai
C1162,Customer 1162,customer1162@example.com,Pune
C1163,Customer 1163,customer1163@example.com,Bengaluru
C1164,Customer 1164,customer1164@example.com,Chennai
C1165,Customer 1165,customer1165@example.com,Hyderabad
C1166,Customer 1166,customer1166@example.com,Ahmedabad
C1167,Customer 1167,customer1167@example.com,Chennai
C1168,Customer 1168,customer1168@example.com,Delhi
C1169,Customer 1169,customer1169@example.com,Ahmedabad
C1170,Customer 1170,customer1170@example.com,Chennai
C1171,Customer 1171,customer1171@example.com,Ahmedabad
C1172,Customer 1172,customer1172@example.com,Kolkata
C1173,Customer 1173,customer1173@example.com,Chennai
C1174,Customer 1174,customer1174@example.com,Bengaluru
C1175,Customer 1175,customer1175@example.com,Bengaluru
C1176,Customer 1176,customer1176@example.com,Kolkata
C1177,Customer 1177,customer1177@example.com,Pune
C1178,Customer 1178,customer1178@example.com,Kolkata
C1179,Customer 1179,customer1179@example.com,Kolkata
C1180,Customer 1180,customer1180@example.com,Ahmedabad
C1181,Customer 1181,customer1181@example.com,Mumbai
C1182,Customer 1182,customer1182@example.com,Bengaluru
C1183,Customer 1183,customer1183@example.com,Mumbai
C1184,Customer 1184,customer1184@example.com,Kolkata
C1185,Customer 1185,customer1185@example.com,Pune
C1186,Customer 1186,customer1186@example.com,Bengaluru
C1187,Customer 1187,customer1187@example.com,Chennai
C1188,Customer 1188,customer1188@example.com,Chennai
C1189,Customer 1189,customer1189@example.com,Chennai
C1190,Customer 1190,customer1190@example.com,Ahmedabad
C1191,Customer 1191,customer1191@example.com,Delhi
C1192,Customer 1192,customer1192@example.com,Kolkata
C1193,Customer 1193,customer1193@example.com,Delhi
C1194,Customer 1194,customer1194@example.com,Hyderabad
C1195,Customer 1195,customer1195@example.com,Ahmedabad
C1196,Customer 1196,customer1196@example.com,Chennai
C1197,Customer 1197,customer1197@example.com,Bengaluru
C1198,Customer 1198,customer1198@example.com,Ahmedabad
C1199,Customer 1199,customer1199@example.com,Bengaluru
C1200,Customer 1200,customer1200@example.com,Mumbai
C1201,Customer 1201,customer1201@example.com,Mumbai
C1202,Customer 1202,customer1202@example.com,Bengaluru
C1203,Customer 1203,customer1203@example.com,Chennai
C1204,Customer 1204,customer1204@example.com,Delhi
C1205,Customer 1205,customer1205@example.com,Kolkata
C1206,Customer 1206,customer1206@example.com,Ahmedabad
C1207,Customer 1207,customer1207@example.com,Ahmedabad
C1208,Customer 1208,customer1208@example.com,Chennai
C1209,Customer 1209,customer1209@example.com,Kolkata
C1210,Customer 1210,customer1210@example.com,Mumbai
C1211,Customer 1211,customer1211@example.com,Delhi
C1212,Customer 1212,customer1212@example.com,Kolkata
C1213,Customer 1213,customer1213@example.com,Mumbai
C1214,Customer 1214,customer1214@example.com,Kolkata
C1215,Customer 1215,customer1215@example.com,Hyderabad
C1216,Customer 1216,customer1216@example.com,Ahmedabad
C1217,Customer 1217,customer1217@example.com,Hyderabad
C1218,Customer 1218,customer1218@example.com,Kolkata
C1219,Customer 1219,customer1219@example.com,Ahmedabad
C1220,Customer 1220,customer1220@example.com,Delhi
C1221,Customer 1221,customer1221@example.com,Chennai
C1222,Customer 1222,customer1222@example.com,Hyderabad
C1223,Customer 1223,customer1223@example.com,Chennai
C1224,Customer 1224,customer1224@example.com,Mumbai
C1225,Customer 1225,customer1225@example.com,Mumbai
C1226,Customer 1226,customer1226@example.com,Pune
C1227,Customer 1227,customer1227@example.com,Mumbai
C1228,Customer 1228,customer1228@example.com,Mumbai
C1229,Customer 1229,customer1229@example.com,Ahmedabad
C1230,Customer 1230,customer1230@example.com,Delhi
C1231,Customer 1231,customer1231@example.com,Mumbai
C1232,Customer 1232,customer1232@example.com,Bengaluru
C1233,Customer 1233,customer1233@example.com,Delhi
C1234,Customer 1234,customer1234@example.com,Bengaluru
C1235,Customer 1235,customer1235@example.com,Bengaluru
C1236,Customer 1236,customer1236@example.com,Chennai
C1237,Customer 1237,customer1237@example.com,Kolkata
C1238,Customer 1238,customer1238@example.com,Bengaluru
C1239,Customer 1239,customer1239@example.com,Chennai
C1240,Customer 1240,customer1240@example.com,Mumbai
C1241,Customer 1241,customer1241@example.com,Bengaluru
C1242,Customer 1242,customer1242@example.com,Kolkata
C1243,Customer 1243,customer1243@example.com,Pune
C1244,Customer 1244,customer1244@example.com,Hyderabad
C1245,Customer 1245,customer1245@example.com,Chennai
C1246,Customer 1246,customer1246@example.com,Pune
C1247,Customer 1247,customer1247@example.com,Chennai
C1248,Customer 1248,customer1248@example.com,Hyderabad
C1249,Customer 1249,customer1249@example.com,Kolkata
C1250,Customer 1250,customer1250@example.com,Delhi
C1251,Customer 1251,customer1251@example.com,Hyderabad
C1252,Customer 1252,customer1252@example.com,Ahmedabad
C1253,Customer 1253,customer1253@example.com,Pune
C1254,Customer 1254,customer1254@example.com,Bengaluru
C1255,Customer 1255,customer1255@example.com,Mumbai
C1256,Customer 1256,customer1256@example.com,Ahmedabad
C1257,Customer 1257,customer1257@example.com,Bengaluru
C1258,Customer 1258,customer1258@example.com,Bengaluru
C1259,Customer 1259,customer1259@example.com,Chennai
C1260,Customer 1260,customer1260@example.com,Hyderabad
C1261,Customer 1261,customer1261@example.com,Delhi
C1262,Customer 1262,customer1262@example.com,Pune
C1263,Customer 1263,customer1263@example.com,Bengaluru
C1264,Customer 1264,customer1264@example.com,Chennai
C1265,Customer 1265,customer1265@example.com,Pune
C1266,Customer 1266,customer1266@example.com,Hyderabad
C1267,Customer 1267,customer1267@example.com,Delhi
C1268,Customer 1268,customer1268@example.com,Ahmedabad
C1269,Customer 1269,customer1269@example.com,Hyderabad
C1270,Customer 1270,customer1270@example.com,Mumbai
C1271,Customer 1271,customer1271@example.com,Hyderabad
C1272,Customer 1272,customer1272@example.com,Bengaluru
C1273,Customer 1273,customer1273@example.com,Delhi
C1274,Customer 1274,customer1274@example.com,Hyderabad
C1275,Customer 1275,customer1275@example.com,Bengaluru
C1276,Customer 1276,customer1276@example.com,Bengaluru
C1277,Customer 1277,customer1277@example.com,Delhi
C1278,Customer 1278,customer1278@example.com,Hyderabad
C1279,Customer 1279,customer1279@example.com,Hyderabad
C1280,Customer 1280,customer1280@example.com,Chennai
C1281,Customer 1281,customer1281@example.com,Pune
C1282,Customer 1282,customer1282@example.com,Chennai
C1283,Customer 1283,customer1283@example.com,Hyderabad
C1284,Customer 1284,customer1284@example.com,Ahmedabad
C1285,Customer 1285,customer1285@example.com,Hyderabad
C1286,Customer 1286,customer1286@example.com,Mumbai
C1287,Customer 1287,customer1287@example.com,Bengaluru
C1288,Customer 1288,customer1288@example.com,Kolkata
C1289,Customer 1289,customer1289@example.com,Hyderabad
C1290,Customer 1290,customer1290@example.com,Mumbai
C1291,Customer 1291,customer1291@example.com,Mumbai
C1292,Customer 1292,customer1292@example.com,Pune
C1293,Customer 1293,customer1293@example.com,Delhi
C1294,Customer 1294,customer1294@example.com,Hyderabad
C1295,Customer 1295,customer1295@example.com,Delhi
C1296,Customer 1296,customer1296@example.com,Ahmedabad
C1297,Customer 1297,customer1297@example.com,Kolkata
C1298,Customer 1298,customer1298@example.com,Mumbai
C1299,Customer 1299,customer1299@example.com,Bengaluru
C1300,Customer 1300,customer1300@example.com,Bengaluru
C1301,Customer 1301,customer1301@example.com,Delhi
C1302,Customer 1302,customer1302@example.com,Mumbai
C1303,Customer 1303,customer1303@example.com,Pune
C1304,Customer 1304,customer1304@example.com,Delhi
C1305,Customer 1305,customer1305@example.com,Kolkata
C1306,Customer 1306,customer1306@example.com,Delhi
C1307,Customer 1307,customer1307@example.com,Mumbai
C1308,Customer 1308,customer1308@example.com,Hyderabad
C1309,Customer 1309,customer1309@example.com,Pune
C1310,Customer 1310,customer1310@example.com,Mumbai
C1311,Customer 1311,customer1311@example.com,Pune
C1312,Customer 1312,customer1312@example.com,Chennai
C1313,Customer 1313,customer1313@example.com,Chennai
C1314,Customer 1314,customer1314@example.com,Bengaluru
C1315,Customer 1315,customer1315@example.com,Pune
C1316,Customer 1316,customer1316@example.com,Kolkata
C1317,Customer 1317,customer1317@example.com,Delhi
C1318,Customer 1318,customer1318@example.com,Chennai
C1319,Customer 1319,customer1319@example.com,Delhi
C1320,Customer 1320,customer1320@example.com,Delhi
C1321,Customer 1321,customer1321@example.com,Kolkata
C1322,Customer 1322,customer1322@example.com,Mumbai
C1323,Customer 1323,customer1323@example.com,Delhi
C1324,Customer 1324,customer1324@example.com,Pune
C1325,Customer 1325,customer1325@example.com,Kolkata
C1326,Customer 1326,customer1326@example.com,Chennai
C1327,Customer 1327,customer1327@example.com,Hyderabad
C1328,Customer 1328,customer1328@example.com,Delhi
C1329,Customer 1329,customer1329@example.com,Bengaluru
C1330,Customer 1330,customer1330@example.com,Kolkata
C1331,Customer 1331,customer1331@example.com,Mumbai
C1332,Customer 1332,customer1332@example.com,Ahmedabad
C1333,Customer 1333,customer1333@example.com,Chennai
C1334,Customer 1334,customer1334@example.com,Chennai
C1335,Customer 1335,customer1335@example.com,Ahmedabad
C1336,Customer 1336,customer1336@example.com,Pune
C1337,Customer 1337,customer1337@example.com,Hyderabad
C1338,Customer 1338,customer1338@example.com,Chennai
C1339,Customer 1339,customer1339@example.com,Chennai
C1340,Customer 1340,customer1340@example.com,Mumbai
C1341,Customer 1341,customer1341@example.com,Chennai
C1342,Customer 1342,customer1342@example.com,Kolkata
C1343,Customer 1343,customer1343@example.com,Pune
C1344,Customer 1344,customer1344@example.com,Hyderabad
C1345,Customer 1345,customer1345@example.com,Bengaluru
C1346,Customer 1346,customer1346@example.com,Hyderabad
C1347,Customer 1347,customer1347@example.com,Pune
C1348,Customer 1348,customer1348@example.com,Kolkata
C1349,Customer 1349,customer1349@example.com,Pune
C1350,Customer 1350,customer1350@example.com,Mumbai
C1351,Customer 1351,customer1351@example.com,Bengaluru
C1352,Customer 1352,customer1352@example.com,Hyderabad
C1353,Customer 1353,customer1353@example.com,Delhi
C1354,Customer 1354,customer1354@example.com,Hyderabad
C1355,Customer 1355,customer1355@example.com,Mumbai
C1356,Customer 1356,customer1356@example.com,Bengaluru
C1357,Customer 1357,customer1357@example.com,Kolkata
C1358,Customer 1358,customer1358@example.com,Pune
C1359,Customer 1359,customer1359@example.com,Pune
C1360,Customer 1360,customer1360@example.com,Kolkata
C1361,Customer 1361,customer1361@example.com,Bengaluru
C1362,Customer 1362,customer1362@example.com,Kolkata
C1363,Customer 1363,customer1363@example.com,Chennai
C1364,Customer 1364,customer1364@example.com,Hyderabad
C1365,Customer 1365,customer1365@example.com,Mumbai
C1366,Customer 1366,customer1366@example.com,Kolkata
C1367,Customer 1367,customer1367@example.com,Mumbai
C1368,Customer 1368,customer1368@example.com,Chennai
C1369,Customer 1369,customer1369@example.com,Pune
C1370,Customer 1370,customer1370@example.com,Kolkata
C1371,Customer 1371,customer1371@example.com,Bengaluru
C1372,Customer 1372,customer1372@example.com,Pune
C1373,Customer 1373,customer1373@example.com,Pune
C1374,Customer 1374,customer1374@example.com,Bengaluru
C1375,Customer 1375,customer1375@example.com,Hyderabad
C1376,Customer 1376,customer1376@example.com,Hyderabad
C1377,Customer 1377,customer1377@example.com,Kolkata
C1378,Customer 1378,customer1378@example.com,Pune
C1379,Customer 1379,customer1379@example.com,Kolkata
C1380,Customer 1380,customer1380@example.com,Hyderabad
C1381,Customer 1381,customer1381@example.com,Delhi
C1382,Customer 1382,customer1382@example.com,Chennai
C1383,Customer 1383,customer1383@example.com,Kolkata
C1384,Customer 1384,customer1384@example.com,Kolkata
C1385,Customer 1385,customer1385@example.com,Delhi
C1386,Customer 1386,customer1386@example.com,Hyderabad
C1387,Customer 1387,customer1387@example.com,Kolkata
C1388,Customer 1388,customer1388@example.com,Mumbai
C1389,Customer 1389,customer1389@example.com,Hyderabad
C1390,Customer 1390,customer1390@example.com,Hyderabad
C1391,Customer 1391,customer1391@example.com,Chennai
C1392,Customer 1392,customer1392@example.com,Kolkata
C1393,Customer 1393,customer1393@example.com,Pune
C1394,Customer 1394,customer1394@example.com,Ahmedabad
C1395,Customer 1395,customer1395@example.com,Ahmedabad
C1396,Customer 1396,customer1396@example.com,Ahmedabad
C1397,Customer 1397,customer1397@example.com,Chennai
C1398,Customer 1398,customer1398@example.com,Ahmedabad
C1399,Customer 1399,customer1399@example.com,Delhi
C1400,Customer 1400,customer1400@example.com,Bengaluru
C1401,Customer 1401,customer1401@example.com,Hyderabad
C1402,Customer 1402,customer1402@example.com,Pune
C1403,Customer 1403,customer1403@example.com,Bengaluru
C1404,Customer 1404,customer1404@example.com,Chennai
C1405,Customer 1405,customer1405@example.com,Hyderabad
C1406,Customer 1406,customer1406@example.com,Chennai
C1407,Customer 1407,customer1407@example.com,Chennai
C1408,Customer 1408,customer1408@example.com,Delhi
C1409,Customer 1409,customer1409@example.com,Mumbai
C1410,Customer 1410,customer1410@example.com,Mumbai
C1411,Customer 1411,customer1411@example.com,Chennai
C1412,Customer 1412,customer1412@example.com,Ahmedabad
C1413,Customer 1413,customer1413@example.com,Bengaluru
C1414,Customer 1414,customer1414@example.com,Ahmedabad
C1415,Customer 1415,customer1415@example.com,Kolkata
C1416,Customer 1416,customer1416@example.com,Chennai
C1417,Customer 1417,customer1417@example.com,Kolkata
C1418,Customer 1418,customer1418@example.com,Ahmedabad
C1419,Customer 1419,customer1419@example.com,Kolkata
C1420,Customer 1420,customer1420@example.com,Chennai
C1421,Customer 1421,customer1421@example.com,Delhi
C1422,Customer 1422,customer1422@example.com,Mumbai
C1423,Customer 1423,customer1423@example.com,Bengaluru
C1424,Customer 1424,customer1424@example.com,Kolkata
C1425,Customer 1425,customer1425@example.com,Chennai
C1426,Customer 1426,customer1426@example.com,Delhi
C1427,Customer 1427,customer1427@example.com,Ahmedabad
C1428,Customer 1428,customer1428@example.com,Mumbai
C1429,Customer 1429,customer1429@example.com,Chennai
C1430,Customer 1430,customer1430@example.com,Bengaluru
C1431,Customer 1431,customer1431@example.com,Ahmedabad
C1432,Customer 1432,customer1432@example.com,Delhi
C1433,Customer 1433,customer1433@example.com,Ahmedabad
C1434,Customer 1434,customer1434@example.com,Pune
C1435,Customer 1435,customer1435@example.com,Ahmedabad
C1436,Customer 1436,customer1436@example.com,Kolkata
C1437,Customer 1437,customer1437@example.com,Ahmedabad
C1438,Customer 1438,customer1438@example.com,Delhi
C1439,Customer 1439,customer1439@example.com,Ahmedabad
C1440,Customer 1440,customer1440@example.com,Ahmedabad
C1441,Customer 1441,customer1441@example.com,Hyderabad
C1442,Customer 1442,customer1442@example.com,Chennai
C1443,Customer 1443,customer1443@example.com,Hyderabad
C1444,Customer 1444,customer1444@example.com,Ahmedabad
C1445,Customer 1445,customer1445@example.com,Chennai
C1446,Customer 1446,customer1446@example.com,Hyderabad
C1447,Customer 1447,customer1447@example.com,Ahmedabad
C1448,Customer 1448,customer1448@example.com,Bengaluru
C1449,Customer 1449,customer1449@example.com,Hyderabad
C1450,Customer 1450,customer1450@example.com,Chennai
C1451,Customer 1451,customer1451@example.com,Hyderabad
C1452,Customer 1452,customer1452@example.com,Pune
C1453,Customer 1453,customer1453@example.com,Pune
C1454,Customer 1454,customer1454@example.com,Bengaluru
C1455,Customer 1455,customer1455@example.com,Delhi
C1456,Customer 1456,customer1456@example.com,Delhi
C1457,Customer 1457,customer1457@example.com,Chennai
C1458,Customer 1458,customer1458@example.com,Kolkata
C1459,Customer 1459,customer1459@example.com,Delhi
C1460,Customer 1460,customer1460@example.com,Chennai
C1461,Customer 1461,customer1461@example.com,Bengaluru
C1462,Customer 1462,customer1462@example.com,Kolkata
C1463,Customer 1463,customer1463@example.com,Kolkata
C1464,Customer 1464,customer1464@example.com,Pune
C1465,Customer 1465,customer1465@example.com,Ahmedabad
C1466,Customer 1466,customer1466@example.com,Kolkata
C1467,Customer 1467,customer1467@example.com,Mumbai
C1468,Customer 1468,customer1468@example.com,Chennai
C1469,Customer 1469,customer1469@example.com,Kolkata
C1470,Customer 1470,customer1470@example.com,Kolkata
C1471,Customer 1471,customer1471@example.com,Mumbai
C1472,Customer 1472,customer1472@example.com,Kolkata
C1473,Customer 1473,customer1473@example.com,Ahmedabad
C1474,Customer 1474,customer1474@example.com,Mumbai
C1475,Customer 1475,customer1475@example.com,Pune
C1476,Customer 1476,customer1476@example.com,Hyderabad
C1477,Customer 1477,customer1477@example.com,Kolkata
C1478,Customer 1478,customer1478@example.com,Kolkata
C1479,Customer 1479,customer1479@example.com,Chennai
C1480,Customer 1480,customer1480@example.com,Ahmedabad
C1481,Customer 1481,customer1481@example.com,Chennai
C1482,Customer 1482,customer1482@example.com,Hyderabad
C1483,Customer 1483,customer1483@example.com,Kolkata
C1484,Customer 1484,customer1484@example.com,Ahmedabad
C1485,Customer 1485,customer1485@example.com,Mumbai
C1486,Customer 1486,customer1486@example.com,Kolkata
C1487,Customer 1487,customer1487@example.com,Pune
C1488,Customer 1488,customer1488@example.com,Kolkata
C1489,Customer 1489,customer1489@example.com,Delhi
C1490,Customer 1490,customer1490@example.com,Ahmedabad
C1491,Customer 1491,customer1491@example.com,Delhi
C1492,Customer 1492,customer1492@example.com,Mumbai
C1493,Customer 1493,customer1493@example.com,Kolkata
C1494,Customer 1494,customer1494@example.com,Mumbai
C1495,Customer 1495,customer1495@example.com,Bengaluru
C1496,Customer 1496,customer1496@example.com,Kolkata
C1497,Customer 1497,customer1497@example.com,Delhi
C1498,Customer 1498,customer1498@example.com,Ahmedabad
C1499,Customer 1499,customer1499@example.com,Delhi
C1500,Customer 1500,customer1500@example.com,Mumbai
C1501,Customer 1501,customer1501@example.com,Hyderabad
C1502,Customer 1502,customer1502@example.com,Kolkata
C1503,Customer 1503,customer1503@example.com,Pune
C1504,Customer 1504,customer1504@example.com,Chennai
C1505,Customer 1505,customer1505@example.com,Ahmedabad
C1506,Customer 1506,customer1506@example.com,Pune
C1507,Customer 1507,customer1507@example.com,Pune
C1508,Customer 1508,customer1508@example.com,Kolkata
C1509,Customer 1509,customer1509@example.com,Hyderabad
C1510,Customer 1510,customer1510@example.com,Kolkata
C1511,Customer 1511,customer1511@example.com,Hyderabad
C1512,Customer 1512,customer1512@example.com,Bengaluru
C1513,Customer 1513,customer1513@example.com,Ahmedabad
C1514,Customer 1514,customer1514@example.com,Mumbai
C1515,Customer 1515,customer1515@example.com,Mumbai
C1516,Customer 1516,customer1516@example.com,Pune
C1517,Customer 1517,customer1517@example.com,Chennai
C1518,Customer 1518,customer1518@example.com,Bengaluru
C1519,Customer 1519,customer1519@example.com,Mumbai
C1520,Customer 1520,customer1520@example.com,Mumbai
C1521,Customer 1521,customer1521@example.com,Chennai
C1522,Customer 1522,customer1522@example.com,Chennai
C1523,Customer 1523,customer1523@example.com,Mumbai
C1524,Customer 1524,customer1524@example.com,Delhi
C1525,Customer 1525,customer1525@example.com,Chennai
C1526,Customer 1526,customer1526@example.com,Delhi
C1527,Customer 1527,customer1527@example.com,Ahmedabad
C1528,Customer 1528,customer1528@example.com,Bengaluru
C1529,Customer 1529,customer1529@example.com,Chennai
C1530,Customer 1530,customer1530@example.com,Ahmedabad
C1531,Customer 1531,customer1531@example.com,Hyderabad
C1532,Customer 1532,customer1532@example.com,Pune
C1533,Customer 1533,customer1533@example.com,Delhi
C1534,Customer 1534,customer1534@example.com,Bengaluru
C1535,Customer 1535,customer1535@example.com,Delhi
C1536,Customer 1536,customer1536@example.com,Hyderabad
C1537,Customer 1537,customer1537@example.com,Bengaluru
C1538,Customer 1538,customer1538@example.com,Mumbai
C1539,Customer 1539,customer1539@example.com,Hyderabad
C1540,Customer 1540,customer1540@example.com,Kolkata
C1541,Customer 1541,customer1541@example.com,Kolkata
C1542,Customer 1542,customer1542@example.com,Chennai
C1543,Customer 1543,customer1543@example.com,Bengaluru
C1544,Customer 1544,customer1544@example.com,Chennai
C1545,Customer 1545,customer1545@example.com,Bengaluru
C1546,Customer 1546,customer1546@example.com,Hyderabad
C1547,Customer 1547,customer1547@example.com,Bengaluru
C1548,Customer 1548,customer1548@example.com,Mumbai
C1549,Customer 1549,customer1549@example.com,Pune
C1550,Customer 1550,customer1550@example.com,Kolkata
C1551,Customer 1551,customer1551@example.com,Pune
C1552,Customer 1552,customer1552@example.com,Bengaluru
C1553,Customer 1553,customer1553@example.com,Pune
C1554,Customer 1554,customer1554@example.com,Mumbai
C1555,Customer 1555,customer1555@example.com,Kolkata
C1556,Customer 1556,customer1556@example.com,Ahmedabad
C1557,Customer 1557,customer1557@example.com,Bengaluru
C1558,Customer 1558,customer1558@example.com,Kolkata
C1559,Customer 1559,customer1559@example.com,Pune
C1560,Customer 1560,customer1560@example.com,Ahmedabad
C1561,Customer 1561,customer1561@example.com,Delhi
C1562,Customer 1562,customer1562@example.com,Kolkata
C1563,Customer 1563,customer1563@example.com,Delhi
C1564,Customer 1564,customer1564@example.com,Hyderabad
C1565,Customer 1565,customer1565@example.com,Ahmedabad
C1566,Customer 1566,customer1566@example.com,Ahmedabad
C1567,Customer 1567,customer1567@example.com,Kolkata
C1568,Customer 1568,customer1568@example.com,Hyderabad
C1569,Customer 1569,customer1569@example.com,Pune
C1570,Customer 1570,customer1570@example.com,Chennai
C1571,Customer 1571,customer1571@example.com,Bengaluru
C1572,Customer 1572,customer1572@example.com,Hyderabad
C1573,Customer 1573,customer1573@example.com,Ahmedabad
C1574,Customer 1574,customer1574@example.com,Chennai
C1575,Customer 1575,customer1575@example.com,Ahmedabad
C1576,Customer 1576,customer1576@example.com,Kolkata
C1577,Customer 1577,customer1577@example.com,Pune
C1578,Customer 1578,customer1578@example.com,Mumbai
C1579,Customer 1579,customer1579@example.com,Ahmedabad
C1580,Customer 1580,customer1580@example.com,Pune
C1581,Customer 1581,customer1581@example.com,Delhi
C1582,Customer 1582,customer1582@example.com,Ahmedabad
C1583,Customer 1583,customer1583@example.com,Chennai
C1584,Customer 1584,customer1584@example.com,Pune
C1585,Customer 1585,customer1585@example.com,Hyderabad
C1586,Customer 1586,customer1586@example.com,Pune
C1587,Customer 1587,customer1587@example.com,Hyderabad
C1588,Customer 1588,customer1588@example.com,Hyderabad
C1589,Customer 1589,customer1589@example.com,Mumbai
C1590,Customer 1590,customer1590@example.com,Chennai
C1591,Customer 1591,customer1591@example.com,Bengaluru
C1592,Customer 1592,customer1592@example.com,Chennai
C1593,Customer 1593,customer1593@example.com,Kolkata
C1594,Customer 1594,customer1594@example.com,Ahmedabad
C1595,Customer 1595,customer1595@example.com,Chennai
C1596,Customer 1596,customer1596@example.com,Ahmedabad
C1597,Customer 1597,customer1597@example.com,Ahmedabad
C1598,Customer 1598,customer1598@example.com,Ahmedabad
C1599,Customer 1599,customer1599@example.com,Mumbai
C1600,Customer 1600,customer1600@example.com,Bengaluru
C1601,Customer 1601,customer1601@example.com,Hyderabad
C1602,Customer 1602,customer1602@example.com,Chennai
C1603,Customer 1603,customer1603@example.com,Kolkata
C1604,Customer 1604,customer1604@example.com,Chennai
C1605,Customer 1605,customer1605@example.com,Hyderabad
C1606,Customer 1606,customer1606@example.com,Pune
C1607,Customer 1607,customer1607@example.com,Ahmedabad
C1608,Customer 1608,customer1608@example.com,Pune
C1609,Customer 1609,customer1609@example.com,Kolkata
C1610,Customer 1610,customer1610@example.com,Pune
C1611,Customer 1611,customer1611@example.com,Pune
C1612,Customer 1612,customer1612@example.com,Ahmedabad
C1613,Customer 1613,customer1613@example.com,Hyderabad
C1614,Customer 1614,customer1614@example.com,Hyderabad
C1615,Customer 1615,customer1615@example.com,Hyderabad
C1616,Customer 1616,customer1616@example.com,Chennai
C1617,Customer 1617,customer1617@example.com,Bengaluru
C1618,Customer 1618,customer1618@example.com,Chennai
C1619,Customer 1619,customer1619@example.com,Pune
C1620,Customer 1620,customer1620@example.com,Bengaluru
C1621,Customer 1621,customer1621@example.com,Delhi
C1622,Customer 1622,customer1622@example.com,Chennai
C1623,Customer 1623,customer1623@example.com,Chennai
C1624,Customer 1624,customer1624@example.com,Ahmedabad
C1625,Customer 1625,customer1625@example.com,Hyderabad
C1626,Customer 1626,customer1626@example.com,Hyderabad
C1627,Customer 1627,customer1627@example.com,Bengaluru
C1628,Customer 1628,customer1628@example.com,Chennai
C1629,Customer 1629,customer1629@example.com,Hyderabad
C1630,Customer 1630,customer1630@example.com,Chennai
C1631,Customer 1631,customer1631@example.com,Pune
C1632,Customer 1632,customer1632@example.com,Delhi
C1633,Customer 1633,customer1633@example.com,Hyderabad
C1634,Customer 1634,customer1634@example.com,Mumbai
C1635,Customer 1635,customer1635@example.com,Delhi
C1636,Customer 1636,customer1636@example.com,Hyderabad
C1637,Customer 1637,customer1637@example.com,Mumbai
C1638,Customer 1638,customer1638@example.com,Mumbai
C1639,Customer 1639,customer1639@example.com,Hyderabad
C1640,Customer 1640,customer1640@example.com,Delhi
C1641,Customer 1641,customer1641@example.com,Ahmedabad
C1642,Customer 1642,customer1642@example.com,Bengaluru
C1643,Customer 1643,customer1643@example.com,Mumbai
C1644,Customer 1644,customer1644@example.com,Hyderabad
C1645,Customer 1645,customer1645@example.com,Ahmedabad
C1646,Customer 1646,customer1646@example.com,Ahmedabad
C1647,Customer 1647,customer1647@example.com,Ahmedabad
C1648,Customer 1648,customer1648@example.com,Pune
C1649,Customer 1649,customer1649@example.com,Delhi
C1650,Customer 1650,customer1650@example.com,Mumbai
C1651,Customer 1651,customer1651@example.com,Hyderabad
C1652,Customer 1652,customer1652@example.com,Ahmedabad
C1653,Customer 1653,customer1653@example.com,Bengaluru
C1654,Customer 1654,customer1654@example.com,Bengaluru
C1655,Customer 1655,customer1655@example.com,Kolkata
C1656,Customer 1656,customer1656@example.com,Ahmedabad
C1657,Customer 1657,customer1657@example.com,Bengaluru
C1658,Customer 1658,customer1658@example.com,Mumbai
C1659,Customer 1659,customer1659@example.com,Delhi
C1660,Customer 1660,customer1660@example.com,Delhi
C1661,Customer 1661,customer1661@example.com,Hyderabad
C1662,Customer 1662,customer1662@example.com,Bengaluru
C1663,Customer 1663,customer1663@example.com,Chennai
C1664,Customer 1664,customer1664@example.com,Bengaluru
C1665,Customer 1665,customer1665@example.com,Kolkata
C1666,Customer 1666,customer1666@example.com,Chennai
C1667,Customer 1667,customer1667@example.com,Kolkata
C1668,Customer 1668,customer1668@example.com,Ahmedabad
C1669,Customer 1669,customer1669@example.com,Ahmedabad
C1670,Customer 1670,customer1670@example.com,Hyderabad
C1671,Customer 1671,customer1671@example.com,Kolkata
C1672,Customer 1672,customer1672@example.com,Hyderabad
C1673,Customer 1673,customer1673@example.com,Mumbai
C1674,Customer 1674,customer1674@example.com,Bengaluru
C1675,Customer 1675,customer1675@example.com,Chennai
C1676,Customer 1676,customer1676@example.com,Chennai
C1677,Customer 1677,customer1677@example.com,Hyderabad
C1678,Customer 1678,customer1678@example.com,Bengaluru
C1679,Customer 1679,customer1679@example.com,Delhi
C1680,Customer 1680,customer1680@example.com,Chennai
C1681,Customer 1681,customer1681@example.com,Delhi
C1682,Customer 1682,customer1682@example.com,Bengaluru
C1683,Customer 1683,customer1683@example.com,Delhi
C1684,Customer 1684,customer1684@example.com,Mumbai
C1685,Customer 1685,customer1685@example.com,Kolkata
C1686,Customer 1686,customer1686@example.com,Ahmedabad
C1687,Customer 1687,customer1687@example.com,Ahmedabad
C1688,Customer 1688,customer1688@example.com,Hyderabad
C1689,Customer 1689,customer1689@example.com,Mumbai
C1690,Customer 1690,customer1690@example.com,Chennai
C1691,Customer 1691,customer1691@example.com,Hyderabad
C1692,Customer 1692,customer1692@example.com,Hyderabad
C1693,Customer 1693,customer1693@example.com,Ahmedabad
C1694,Customer 1694,customer1694@example.com,Bengaluru
C1695,Customer 1695,customer1695@example.com,Chennai
C1696,Customer 1696,customer1696@example.com,Hyderabad
C1697,Customer 1697,customer1697@example.com,Chennai
C1698,Customer 1698,customer1698@example.com,Kolkata
C1699,Customer 1699,customer1699@example.com,Bengaluru
C1700,Customer 1700,customer1700@example.com,Chennai
C1701,Customer 1701,customer1701@example.com,Delhi
C1702,Customer 1702,customer1702@example.com,Hyderabad
C1703,Customer 1703,customer1703@example.com,Delhi
C1704,Customer 1704,customer1704@example.com,Bengaluru
C1705,Customer 1705,customer1705@example.com,Mumbai
C1706,Customer 1706,customer1706@example.com,Delhi
C1707,Customer 1707,customer1707@example.com,Hyderabad
C1708,Customer 1708,customer1708@example.com,Hyderabad
C1709,Customer 1709,customer1709@example.com,Ahmedabad
C1710,Customer 1710,customer1710@example.com,Bengaluru
C1711,Customer 1711,customer1711@example.com,Ahmedabad
C1712,Customer 1712,customer1712@example.com,Hyderabad
C1713,Customer 1713,customer1713@example.com,Kolkata
C1714,Customer 1714,customer1714@example.com,Hyderabad
C1715,Customer 1715,customer1715@example.com,Ahmedabad
C1716,Customer 1716,customer1716@example.com,Ahmedabad
C1717,Customer 1717,customer1717@example.com,Bengaluru
C1718,Customer 1718,customer1718@example.com,Mumbai
C1719,Customer 1719,customer1719@example.com,Kolkata
C1720,Customer 1720,customer1720@example.com,Pune
C1721,Customer 1721,customer1721@example.com,Hyderabad
C1722,Customer 1722,customer1722@example.com,Mumbai
C1723,Customer 1723,customer1723@example.com,Bengaluru
C1724,Customer 1724,customer1724@example.com,Chennai
C1725,Customer 1725,customer1725@example.com,Mumbai
C1726,Customer 1726,customer1726@example.com,Hyderabad
C1727,Customer 1727,customer1727@example.com,Mumbai
C1728,Customer 1728,customer1728@example.com,Delhi
C1729,Customer 1729,customer1729@example.com,Ahmedabad
C1730,Customer 1730,customer1730@example.com,Ahmedabad
C1731,Customer 1731,customer1731@example.com,Hyderabad
C1732,Customer 1732,customer1732@example.com,Delhi
C1733,Customer 1733,customer1733@example.com,Kolkata
C1734,Customer 1734,customer1734@example.com,Ahmedabad
C1735,Customer 1735,customer1735@example.com,Bengaluru
C1736,Customer 1736,customer1736@example.com,Ahmedabad
C1737,Customer 1737,customer1737@example.com,Pune
C1738,Customer 1738,customer1738@example.com,Kolkata
C1739,Customer 1739,customer1739@example.com,Pune
C1740,Customer 1740,customer1740@example.com,Pune
C1741,Customer 1741,customer1741@example.com,Bengaluru
C1742,Customer 1742,customer1742@example.com,Delhi
C1743,Customer 1743,customer1743@example.com,Pune
C1744,Customer 1744,customer1744@example.com,Kolkata
C1745,Customer 1745,customer1745@example.com,Ahmedabad
C1746,Customer 1746,customer1746@example.com,Hyderabad
C1747,Customer 1747,customer1747@example.com,Kolkata
C1748,Customer 1748,customer1748@example.com,Mumbai
C1749,Customer 1749,customer1749@example.com,Ahmedabad
C1750,Customer 1750,customer1750@example.com,Bengaluru
C1751,Customer 1751,customer1751@example.com,Pune
C1752,Customer 1752,customer1752@example.com,Hyderabad
C1753,Customer 1753,customer1753@example.com,Pune
C1754,Customer 1754,customer1754@example.com,Bengaluru
C1755,Customer 1755,customer1755@example.com,Kolkata
C1756,Customer 1756,customer1756@example.com,Mumbai
C1757,Customer 1757,customer1757@example.com,Ahmedabad
C1758,Customer 1758,customer1758@example.com,Kolkata
C1759,Customer 1759,customer1759@example.com,Mumbai
C1760,Customer 1760,customer1760@example.com,Chennai
C1761,Customer 1761,customer1761@example.com,Pune
C1762,Customer 1762,customer1762@example.com,Ahmedabad
C1763,Customer 1763,customer1763@example.com,Ahmedabad
C1764,Customer 1764,customer1764@example.com,Mumbai
C1765,Customer 1765,customer1765@example.com,Chennai
C1766,Customer 1766,customer1766@example.com,Hyderabad
C1767,Customer 1767,customer1767@example.com,Delhi
C1768,Customer 1768,customer1768@example.com,Hyderabad
C1769,Customer 1769,customer1769@example.com,Ahmedabad
C1770,Customer 1770,customer1770@example.com,Ahmedabad
C1771,Customer 1771,customer1771@example.com,Bengaluru
C1772,Customer 1772,customer1772@example.com,Mumbai
C1773,Customer 1773,customer1773@example.com,Chennai
C1774,Customer 1774,customer1774@example.com,Delhi
C1775,Customer 1775,customer1775@example.com,Hyderabad
C1776,Customer 1776,customer1776@example.com,Mumbai
C1777,Customer 1777,customer1777@example.com,Kolkata
C1778,Customer 1778,customer1778@example.com,Bengaluru
C1779,Customer 1779,customer1779@example.com,Chennai
C1780,Customer 1780,customer1780@example.com,Bengaluru
C1781,Customer 1781,customer1781@example.com,Ahmedabad
C1782,Customer 1782,customer1782@example.com,Bengaluru
C1783,Customer 1783,customer1783@example.com,Delhi
C1784,Customer 1784,customer1784@example.com,Ahmedabad
C1785,Customer 1785,customer1785@example.com,Hyderabad
C1786,Customer 1786,customer1786@example.com,Hyderabad
C1787,Customer 1787,customer1787@example.com,Kolkata
C1788,Customer 1788,customer1788@example.com,Ahmedabad
C1789,Customer 1789,customer1789@example.com,Ahmedabad
C1790,Customer 1790,customer1790@example.com,Chennai
C1791,Customer 1791,customer1791@example.com,Ahmedabad
C1792,Customer 1792,customer1792@example.com,Delhi
C1793,Customer 1793,customer1793@example.com,Kolkata
C1794,Customer 1794,customer1794@example.com,Chennai
C1795,Customer 1795,customer1795@example.com,Delhi
C1796,Customer 1796,customer1796@example.com,Bengaluru
C1797,Customer 1797,customer1797@example.com,Hyderabad
C1798,Customer 1798,customer1798@example.com,Kolkata
C1799,Customer 1799,customer1799@example.com,Pune
C1800,Customer 1800,customer1800@example.com,Hyderabad
C1801,Customer 1801,customer1801@example.com,Mumbai
C1802,Customer 1802,customer1802@example.com,Hyderabad
C1803,Customer 1803,customer1803@example.com,Hyderabad
C1804,Customer 1804,customer1804@example.com,Ahmedabad
C1805,Customer 1805,customer1805@example.com,Delhi
C1806,Customer 1806,customer1806@example.com,Ahmedabad
C1807,Customer 1807,customer1807@example.com,Ahmedabad
C1808,Customer 1808,customer1808@example.com,Pune
C1809,Customer 1809,customer1809@example.com,Pune
C1810,Customer 1810,customer1810@example.com,Kolkata
C1811,Customer 1811,customer1811@example.com,Ahmedabad
C1812,Customer 1812,customer1812@example.com,Pune
C1813,Customer 1813,customer1813@example.com,Chennai
C1814,Customer 1814,customer1814@example.com,Chennai
C1815,Customer 1815,customer1815@example.com,Kolkata
C1816,Customer 1816,customer1816@example.com,Chennai
C1817,Customer 1817,customer1817@example.com,Kolkata
C1818,Customer 1818,customer1818@example.com,Mumbai
C1819,Customer 1819,customer1819@example.com,Pune
C1820,Customer 1820,customer1820@example.com,Ahmedabad
C1821,Customer 1821,customer1821@example.com,Kolkata
C1822,Customer 1822,customer1822@example.com,Kolkata
C1823,Customer 1823,customer1823@example.com,Delhi
C1824,Customer 1824,customer1824@example.com,Ahmedabad
C1825,Customer 1825,customer1825@example.com,Mumbai
C1826,Customer 1826,customer1826@example.com,Delhi
C1827,Customer 1827,customer1827@example.com,Pune
C1828,Customer 1828,customer1828@example.com,Bengaluru
C1829,Customer 1829,customer1829@example.com,Ahmedabad
C1830,Customer 1830,customer1830@example.com,Bengaluru
C1831,Customer 1831,customer1831@example.com,Ahmedabad
C1832,Customer 1832,customer1832@example.com,Mumbai
C1833,Customer 1833,customer1833@example.com,Delhi
C1834,Customer 1834,customer1834@example.com,Kolkata
C1835,Customer 1835,customer1835@example.com,Delhi
C1836,Customer 1836,customer1836@example.com,Bengaluru
C1837,Customer 1837,customer1837@example.com,Ahmedabad
C1838,Customer 1838,customer1838@example.com,Hyderabad
C1839,Customer 1839,customer1839@example.com,Pune
C1840,Customer 1840,customer1840@example.com,Kolkata
C1841,Customer 1841,customer1841@example.com,Bengaluru
C1842,Customer 1842,customer1842@example.com,Pune
C1843,Customer 1843,customer1843@example.com,Kolkata
C1844,Customer 1844,customer1844@example.com,Pune
C1845,Customer 1845,customer1845@example.com,Ahmedabad
C1846,Customer 1846,customer1846@example.com,Mumbai
C1847,Customer 1847,customer1847@example.com,Bengaluru
C1848,Customer 1848,customer1848@example.com,Chennai
C1849,Customer 1849,customer1849@example.com,Hyderabad
C1850,Customer 1850,customer1850@example.com,Chennai
C1851,Customer 1851,customer1851@example.com,Bengaluru
C1852,Customer 1852,customer1852@example.com,Kolkata
C1853,Customer 1853,customer1853@example.com,Bengaluru
C1854,Customer 1854,customer1854@example.com,Bengaluru
C1855,Customer 1855,customer1855@example.com,Ahmedabad
C1856,Customer 1856,customer1856@example.com,Delhi
C1857,Customer 1857,customer1857@example.com,Hyderabad
C1858,Customer 1858,customer1858@example.com,Mumbai
C1859,Customer 1859,customer1859@example.com,Mumbai
C1860,Customer 1860,customer1860@example.com,Pune
C1861,Customer 1861,customer1861@example.com,Mumbai
C1862,Customer 1862,customer1862@example.com,Hyderabad
C1863,Customer 1863,customer1863@example.com,Pune
C1864,Customer 1864,customer1864@example.com,Pune
C1865,Customer 1865,customer1865@example.com,Kolkata
C1866,Customer 1866,customer1866@example.com,Delhi
C1867,Customer 1867,customer1867@example.com,Chennai
C1868,Customer 1868,customer1868@example.com,Kolkata
C1869,Customer 1869,customer1869@example.com,Delhi
C1870,Customer 1870,customer1870@example.com,Delhi
C1871,Customer 1871,customer1871@example.com,Delhi
C1872,Customer 1872,customer1872@example.com,Bengaluru
C1873,Customer 1873,customer1873@example.com,Kolkata
C1874,Customer 1874,customer1874@example.com,Chennai
C1875,Customer 1875,customer1875@example.com,Ahmedabad
C1876,Customer 1876,customer1876@example.com,Delhi
C1877,Customer 1877,customer1877@example.com,Chennai
C1878,Customer 1878,customer1878@example.com,Ahmedabad
C1879,Customer 1879,customer1879@example.com,Hyderabad
C1880,Customer 1880,customer1880@example.com,Ahmedabad
C1881,Customer 1881,customer1881@example.com,Hyderabad
C1882,Customer 1882,customer1882@example.com,Mumbai
C1883,Customer 1883,customer1883@example.com,Ahmedabad
C1884,Customer 1884,customer1884@example.com,Hyderabad
C1885,Customer 1885,customer1885@example.com,Delhi
C1886,Customer 1886,customer1886@example.com,Bengaluru
C1887,Customer 1887,customer1887@example.com,Ahmedabad
C1888,Customer 1888,customer1888@example.com,Pune
C1889,Customer 1889,customer1889@example.com,Hyderabad
C1890,Customer 1890,customer1890@example.com,Kolkata
C1891,Customer 1891,customer1891@example.com,Hyderabad
C1892,Customer 1892,customer1892@example.com,Ahmedabad
C1893,Customer 1893,customer1893@example.com,Hyderabad
C1894,Customer 1894,customer1894@example.com,Chennai
C1895,Customer 1895,customer1895@example.com,Kolkata
C1896,Customer 1896,customer1896@example.com,Ahmedabad
C1897,Customer 1897,customer1897@example.com,Bengaluru
C1898,Customer 1898,customer1898@example.com,Chennai
C1899,Customer 1899,customer1899@example.com,Kolkata
C1900,Customer 1900,customer1900@example.com,Pune
C1901,Customer 1901,customer1901@example.com,Hyderabad
C1902,Customer 1902,customer1902@example.com,Hyderabad
C1903,Customer 1903,customer1903@example.com,Mumbai
C1904,Customer 1904,customer1904@example.com,Kolkata
C1905,Customer 1905,customer1905@example.com,Hyderabad
C1906,Customer 1906,customer1906@example.com,Mumbai
C1907,Customer 1907,customer1907@example.com,Mumbai
C1908,Customer 1908,customer1908@example.com,Ahmedabad
C1909,Customer 1909,customer1909@example.com,Hyderabad
C1910,Customer 1910,customer1910@example.com,Chennai
C1911,Customer 1911,customer1911@example.com,Pune
C1912,Customer 1912,customer1912@example.com,Chennai
C1913,Customer 1913,customer1913@example.com,Chennai
C1914,Customer 1914,customer1914@example.com,Hyderabad
C1915,Customer 1915,customer1915@example.com,Delhi
C1916,Customer 1916,customer1916@example.com,Bengaluru
C1917,Customer 1917,customer1917@example.com,Mumbai
C1918,Customer 1918,customer1918@example.com,Hyderabad
C1919,Customer 1919,customer1919@example.com,Ahmedabad
C1920,Customer 1920,customer1920@example.com,Mumbai
C1921,Customer 1921,customer1921@example.com,Pune
C1922,Customer 1922,customer1922@example.com,Delhi
C1923,Customer 1923,customer1923@example.com,Bengaluru
C1924,Customer 1924,customer1924@example.com,Hyderabad
C1925,Customer 1925,customer1925@example.com,Pune
C1926,Customer 1926,customer1926@example.com,Kolkata
C1927,Customer 1927,customer1927@example.com,Delhi
C1928,Customer 1928,customer1928@example.com,Chennai
C1929,Customer 1929,customer1929@example.com,Delhi
C1930,Customer 1930,customer1930@example.com,Pune
C1931,Customer 1931,customer1931@example.com,Hyderabad
C1932,Customer 1932,customer1932@example.com,Delhi
C1933,Customer 1933,customer1933@example.com,Hyderabad
C1934,Customer 1934,customer1934@example.com,Ahmedabad
C1935,Customer 1935,customer1935@example.com,Hyderabad
C1936,Customer 1936,customer1936@example.com,Pune
C1937,Customer 1937,customer1937@example.com,Bengaluru
C1938,Customer 1938,customer1938@example.com,Ahmedabad
C1939,Customer 1939,customer1939@example.com,Bengaluru
C1940,Customer 1940,customer1940@example.com,Delhi
C1941,Customer 1941,customer1941@example.com,Chennai
C1942,Customer 1942,customer1942@example.com,Kolkata
C1943,Customer 1943,customer1943@example.com,Pune
C1944,Customer 1944,customer1944@example.com,Bengaluru
C1945,Customer 1945,customer1945@example.com,Kolkata
C1946,Customer 1946,customer1946@example.com,Mumbai
C1947,Customer 1947,customer1947@example.com,Hyderabad
C1948,Customer 1948,customer1948@example.com,Bengaluru
C1949,Customer 1949,customer1949@example.com,Ahmedabad
C1950,Customer 1950,customer1950@example.com,Pune
C1951,Customer 1951,customer1951@example.com,Hyderabad
C1952,Customer 1952,customer1952@example.com,Kolkata
C1953,Customer 1953,customer1953@example.com,Pune
C1954,Customer 1954,customer1954@example.com,Bengaluru
C1955,Customer 1955,customer1955@example.com,Chennai
C1956,Customer 1956,customer1956@example.com,Ahmedabad
C1957,Customer 1957,customer1957@example.com,Mumbai
C1958,Customer 1958,customer1958@example.com,Pune
C1959,Customer 1959,customer1959@example.com,Chennai
C1960,Customer 1960,customer1960@example.com,Bengaluru
C1961,Customer 1961,customer1961@example.com,Ahmedabad
C1962,Customer 1962,customer1962@example.com,Hyderabad
C1963,Customer 1963,customer1963@example.com,Kolkata
C1964,Customer 1964,customer1964@example.com,Bengaluru
C1965,Customer 1965,customer1965@example.com,Delhi
C1966,Customer 1966,customer1966@example.com,Mumbai
C1967,Customer 1967,customer1967@example.com,Mumbai
C1968,Customer 1968,customer1968@example.com,Hyderabad
C1969,Customer 1969,customer1969@example.com,Ahmedabad
C1970,Customer 1970,customer1970@example.com,Bengaluru
C1971,Customer 1971,customer1971@example.com,Bengaluru
C1972,Customer 1972,customer1972@example.com,Chennai
C1973,Customer 1973,customer1973@example.com,Delhi
C1974,Customer 1974,customer1974@example.com,Kolkata
C1975,Customer 1975,customer1975@example.com,Ahmedabad
C1976,Customer 1976,customer1976@example.com,Pune
C1977,Customer 1977,customer1977@example.com,Kolkata
C1978,Customer 1978,customer1978@example.com,Delhi
C1979,Customer 1979,customer1979@example.com,Kolkata
C1980,Customer 1980,customer1980@example.com,Bengaluru
C1981,Customer 1981,customer1981@example.com,Ahmedabad
C1982,Customer 1982,customer1982@example.com,Kolkata
C1983,Customer 1983,customer1983@example.com,Hyderabad
C1984,Customer 1984,customer1984@example.com,Mumbai
C1985,Customer 1985,customer1985@example.com,Pune
C1986,Customer 1986,customer1986@example.com,Chennai
C1987,Customer 1987,customer1987@example.com,Ahmedabad
C1988,Customer 1988,customer1988@example.com,Ahmedabad
C1989,Customer 1989,customer1989@example.com,Chennai
C1990,Customer 1990,customer1990@example.com,Pune
C1991,Customer 1991,customer1991@example.com,Bengaluru
C1992,Customer 1992,customer1992@example.com,Pune
C1993,Customer 1993,customer1993@example.com,Pune
C1994,Customer 1994,customer1994@example.com,Mumbai
C1995,Customer 1995,customer1995@example.com,Kolkata
C1996,Customer 1996,customer1996@example.com,Hyderabad
C1997,Customer 1997,customer1997@example.com,Chennai
C1998,Customer 1998,customer1998@example.com,Bengaluru
C1999,Customer 1999,customer1999@example.com,Ahmedabad
